,RPM (1/s),L/S Ratio,FlowRate (kg/hr),Temperature,nCE,Granulator diameter (mm),L/D Ratio,SA of KE,n KE,Intial D50,Binder Viscosity (mPa.s),Flowability (HR),Bulk Density,nKZ,dKZ,MRT,Exp Fill level,Torque,d50,Beta,Regime,DetTorque,RanTorque,DetMRT,RanMRT,Calc Fill level,Calc Fill volume,Calc Beta,tot vol,Lalith fill level,Torque / Fill Volume
0,500,0.08,10.0,25.0,19.0,25,20,60,6,40.0,0.0103,1.46,650,1,0.0,,,1.4,,,,1.4,1.4,35.33684757,41.13344766,0.304591445,296087.54251083743,0.0009456662635164781,354301.8341,0.3803359255657618,4728.3313175823905
1,700,0.08,10.0,25.0,19.0,25,20,60,6,40.0,0.0103,1.46,650,1,0.0,,,1.53,,,,1.53,1.53,33.63181308,19.60442329,0.28508327,281801.0538522138,0.0010858724473063078,354301.834,0.3619843770980868,5429.362236531539
2,900,0.08,10.0,25.0,19.0,25,20,60,6,40.0,0.0103,1.46,650,1,0.0,,,1.56,,,,1.56,1.56,31.83816757,27.87757185,0.266155567,266772.09321446955,0.001169537623821731,354301.8343,0.3426790945928675,5847.688119108655
3,500,0.08,17.5,25.0,19.0,25,20,60,6,40.0,0.0103,1.46,650,1,0.0,,,2.02,,,,2.02,2.02,32.15918048,10.93653619,0.542091398,471558.2572155279,0.0008567340170980187,354301.8338,0.6057348603569863,4283.670085490094
4,700,0.08,17.5,25.0,19.0,25,20,60,6,40.0,0.0103,1.46,650,1,0.0,,,1.52,,,,1.52,1.52,29.89589651,15.770185999999999,0.514351801,438371.1477013167,0.0006934762964991706,354301.8344,0.5631047317575104,3467.381482495853
5,900,0.08,17.5,25.0,19.0,25,20,60,6,40.0,0.0103,1.46,650,1,0.0,,,1.61,,,,1.61,1.61,28.15541762,39.59750887,0.480618826,412850.062280647,0.0007799441720348126,354301.8338,0.5303219082634824,3899.720860174063
6,500,0.08,25.0,25.0,19.0,25,20,60,6,40.0,0.0103,1.46,650,1,0.0,,,3.18,,,,3.18,3.18,29.46001295,37.57559903,0.779517572,617113.8228603839,0.001030604041653251,354301.834,0.792706626583044,5153.020208266255
7,700,0.08,25.0,25.0,19.0,25,20,60,6,40.0,0.0103,1.46,650,1,0.0,,,1.1,,,,1.1,1.1,25.79667472,32.9260437,0.762818245,540376.0202198084,0.0004071239132900656,354301.8342,0.6941339445117688,2035.619566450328
8,900,0.08,25.0,25.0,19.0,25,20,60,6,40.0,0.0103,1.46,650,1,0.0,,,1.16,,,,1.16,1.16,24.02961251,14.52352153,0.7150636340000001,503360.4724841033,0.0004609023009992641,354301.8342,0.6465860386154315,2304.5115049963206
9,500,0.09,10.0,25.0,19.0,25,20,60,6,40.0,0.0083,1.46,650,1,0.0,,,1.6,,,,1.6,1.6,33.43460676,21.99426092,0.306652263,280148.661557153,0.0011422506829814603,354301.8344,0.3631938689874926,5711.253414907302
10,700,0.09,10.0,25.0,19.0,25,20,60,6,40.0,0.0083,1.46,650,1,0.0,,,1.85,,,,1.85,1.85,31.83590551,23.56302321,0.28644752100000004,266753.1394075379,0.0013870502173724169,354301.8342,0.34582747683846643,6935.251086862085
11,900,0.09,10.0,25.0,19.0,25,20,60,6,40.0,0.0083,1.46,650,1,0.0,,,1.87,,,,1.87,1.87,30.03339889,23.41841054,0.267577866,251649.93150484966,0.0014861915430038277,354301.8337,0.32624718513972933,7430.957715019138
12,500,0.09,17.5,25.0,19.0,25,20,60,6,40.0,0.0083,1.46,650,1,0.0,,,2.46,,,,2.46,2.46,30.46960614,22.08803034,0.543259845,446783.59818147804,0.0011012042563839947,354301.834,0.5792248398466107,5506.021281919973
13,700,0.09,17.5,25.0,19.0,25,20,60,6,40.0,0.0083,1.46,650,1,0.0,,,1.83,,,,1.83,1.83,28.09112783,23.31631033,0.516840824,411907.36470948195,0.0008885492985980952,354301.8339,0.5340101524017408,4442.746492990476
14,900,0.09,17.5,25.0,19.0,25,20,60,6,40.0,0.0083,1.46,650,1,0.0,,,1.82,,,,1.82,1.82,26.26203791,22.12570132,0.484123675,385086.95317871874,0.0009452410604808719,354301.8341,0.4992392954661726,4726.20530240436
15,500,0.09,25.0,25.0,19.0,25,20,60,6,40.0,0.0083,1.46,650,1,0.0,,,2.98,,,,2.98,2.98,27.20332802,21.83188149,0.790474344,569841.899847067,0.0010459041361471548,354301.8341,0.7387616387894721,5229.520680735774
16,700,0.09,25.0,25.0,19.0,25,20,60,6,40.0,0.0083,1.46,650,1,0.0,,,1.4,,,,1.4,1.4,23.98304494,19.87805605,0.76651911,502384.9979928736,0.0005573414833616744,354301.834,0.6513083094101497,2786.707416808372
17,900,0.09,25.0,25.0,19.0,25,20,60,6,40.0,0.0083,1.46,650,1,0.0,,,1.28,,,,1.28,1.28,22.05648288,39.79055683,0.721376625,462028.32605786104,0.0005540785825498076,354301.8344,0.5989886026585043,2770.3929127490383
18,500,0.1,10.0,25.0,19.0,25,20,60,6,40.0,0.0069,1.46,650,1,0.0,,,1.93,,,,1.93,1.93,31.80412515,28.90771621,0.30908442199999997,266486.8516841107,0.001448476716808371,354301.8341,0.34865181469385853,7242.383584041856
19,700,0.1,10.0,25.0,19.0,25,20,60,6,40.0,0.0069,1.46,650,1,0.0,,,1.82,,,,1.82,1.82,29.886424199999997,14.37291436,0.290969381,250418.43017504967,0.0014535671345976952,354301.8343,0.3276290727349389,7267.835672988476
20,900,0.1,10.0,25.0,19.0,25,20,60,6,40.0,0.0069,1.46,650,1,0.0,,,1.68,,,,1.68,1.68,27.94213994,30.17588032,0.273028482,234127.26703873658,0.0014351169099172396,354301.834,0.30631491199847527,7175.584549586198
21,500,0.1,17.5,25.0,19.0,25,20,60,6,40.0,0.0069,1.46,650,1,0.0,,,2.45,,,,2.45,2.45,28.53784704,34.92473132,0.550969935,418457.72230529523,0.0011709665609719816,354301.8337,0.5474793346552901,5854.832804859908
22,700,0.1,17.5,25.0,19.0,25,20,60,6,40.0,0.0069,1.46,650,1,0.0,,,1.84,,,,1.84,1.84,26.17709094,17.1538479,0.524347748,383841.354113971,0.0009587294231218575,354301.8342,0.5021898222018861,4793.6471156092875
23,900,0.1,17.5,25.0,19.0,25,20,60,6,40.0,0.0069,1.46,650,1,0.0,,,1.55,,,,1.55,1.55,24.09989013,49.090098600000005,0.494474915,353382.8293869664,0.0008772356046211269,354301.8341,0.46234012660956486,4386.178023105635
24,500,0.1,25.0,25.0,19.0,25,20,60,6,40.0,0.0069,1.46,650,1,0.0,,,3.46,,,,3.46,3.46,25.70576297,30.04670273,0.7943779679999999,538471.6457145886,0.001285118734676677,354301.8343,0.7044967331526087,6425.593673383385
25,700,0.1,25.0,25.0,19.0,25,20,60,6,40.0,0.0069,1.46,650,1,0.0,,,1.86,,,,1.86,1.86,22.46775767,27.10952368,0.7707129709999999,470643.5075356749,0.000790407163901655,354301.8339,0.6157553813225515,3952.035819508275
26,900,0.1,25.0,25.0,19.0,25,20,60,6,40.0,0.0069,1.46,650,1,0.0,,,1.24,,,,1.24,1.24,20.09814047,22.14397718,0.732826394,421005.9350237553,0.0005890653298890111,354301.834,0.5508132289277559,2945.3266494450554
27,500,0.08,10.0,25.0,18.0,25,20,60,12,40.0,0.0103,1.46,650,2,3.0,,,2.39,,,,2.39,2.39,34.43971424,9.829790923,0.29691015800000004,288567.974298667,0.0016564554717540191,354298.7819,0.3706767487169889,8282.277358770096
28,700,0.08,10.0,25.0,18.0,25,20,60,12,40.0,0.0103,1.46,650,2,3.0,,,2.43,,,,2.43,2.43,32.65492983,21.93293706,0.277924408,273613.38965361327,0.001776228862978022,354298.782,0.35146700505740947,8881.14431489011
29,900,0.08,10.0,25.0,18.0,25,20,60,12,40.0,0.0103,1.46,650,2,3.0,,,2.39,,,,2.39,2.39,30.7992566,26.35470019,0.25940303600000003,258064.83250793806,0.0018522477292030749,354298.7822,0.3314942806966874,9261.238646015374
30,500,0.08,17.5,25.0,18.0,25,20,60,12,40.0,0.0103,1.46,650,2,3.0,,,0.3,,,,0.3,0.3,28.86068825,25.345494600000002,0.556178058,423187.980088296,0.00014178096454318316,354298.7821,0.5436013644150391,708.9048227159158
31,700,0.08,17.5,25.0,18.0,25,20,60,12,40.0,0.0103,1.46,650,2,3.0,,,0.93,,,,0.93,0.93,27.59870892,28.17186572,0.5169596160000001,404683.41502214986,0.00045961853907410444,354298.7822,0.5198315332970451,2298.092695370522
32,900,0.08,17.5,25.0,18.0,25,20,60,12,40.0,0.0103,1.46,650,2,3.0,,,1.09,,,,1.09,1.09,25.92025774,16.56267367,0.48251556100000004,380072.06970743736,0.0005735754278597919,354298.7825,0.48821730623328013,2867.8771392989593
33,500,0.08,25.0,25.0,18.0,25,20,60,12,40.0,0.0103,1.46,650,2,3.0,,,3.9,,,,3.9,3.9,28.32362984,26.12197659,0.7642325440000001,593304.3194520186,0.001314671028723363,354298.7823,0.7621223965296966,6573.3551436168145
34,700,0.08,25.0,25.0,18.0,25,20,60,12,40.0,0.0103,1.46,650,2,3.0,,,2.2,,,,2.2,2.2,24.99701352,35.12540603,0.742018727,523620.60154704045,0.0008403030719188994,354298.7824,0.6726109597380484,4201.515359594497
35,900,0.08,25.0,25.0,18.0,25,20,60,12,40.0,0.0103,1.46,650,2,3.0,,,2.61,,,,2.61,2.61,23.54008992,13.34263697,0.6891849809999999,493101.94733942056,0.00105860462084261,354298.7822,0.6334085654169442,5293.02310421305
36,500,0.09,10.0,25.0,18.0,25,20,60,12,40.0,0.0083,1.46,650,2,3.0,,,2.51,,,,2.51,2.51,32.466584600000004,28.37512615,0.299435354,272035.2580491765,0.0018453490315922655,354298.7823,0.35267538785558294,9226.745157961328
37,700,0.09,10.0,25.0,18.0,25,20,60,12,40.0,0.0083,1.46,650,2,3.0,,,2.33,,,,2.33,2.33,30.48685593,7.656675544,0.28172664399999997,255447.24898551896,0.0018242513937835247,354298.7822,0.3311701514673653,9121.256968917623
38,900,0.09,10.0,25.0,18.0,25,20,60,12,40.0,0.0083,1.46,650,2,3.0,,,2.18,,,,2.18,2.18,28.53371056,13.15629089,0.26384379199999997,239081.97954675255,0.001823642253701267,354298.7823,0.3099536819991513,9118.211268506335
39,500,0.09,17.5,25.0,18.0,25,20,60,12,40.0,0.0083,1.46,650,2,3.0,,,3.8,,,,3.8,3.8,29.88261141,32.050830100000006,0.526262197,438172.570689175,0.001734476438825557,354298.7826,0.5680612227388088,8672.382194127786
40,700,0.09,17.5,25.0,18.0,25,20,60,12,40.0,0.0083,1.46,650,2,3.0,,,2.26,,,,2.26,2.26,26.69777274,36.93890345,0.509087202,391472.8720544967,0.0011546138500679488,354298.7826,0.5075182091352316,5773.069250339744
41,900,0.09,17.5,25.0,18.0,25,20,60,12,40.0,0.0083,1.46,650,2,3.0,,,2.18,,,,2.18,2.18,24.8066551,12.11126273,0.477081133,363743.17111152125,0.00119864793246201,354298.7821,0.47156851972616504,5993.239662310049
42,500,0.09,25.0,25.0,18.0,25,20,60,12,40.0,0.0083,1.46,650,2,3.0,,,8.06,,,,8.06,8.06,29.9303858,38.96824293,0.711917802,626961.5610117492,0.002571130513007306,354298.7824,0.8128134319279637,12855.65256503653
43,700,0.09,25.0,25.0,18.0,25,20,60,12,40.0,0.0083,1.46,650,2,3.0,,,3.09,,,,3.09,3.09,23.70618882,18.97481313,0.7371576209999999,496581.27521451714,0.0012445092693699161,354298.7822,0.643784173764861,6222.546346849581
44,900,0.09,25.0,25.0,18.0,25,20,60,12,40.0,0.0083,1.46,650,2,3.0,,,2.5,,,,2.5,2.5,21.36315492,33.08616238,0.69883569,447500.97931510897,0.0011173159906046233,354298.7822,0.5801548761638068,5586.579953023116
45,500,0.1,10.0,25.0,18.0,25,20,60,12,40.0,0.0069,1.46,650,2,3.0,,,2.48,,,,2.48,2.48,30.5171033,30.89422102,0.303957214,255700.68959852573,0.0019397679403163398,354298.7823,0.33453999281238317,9698.839701581699
46,700,0.1,10.0,25.0,18.0,25,20,60,12,40.0,0.0069,1.46,650,2,3.0,,,2.21,,,,2.21,2.21,28.457624699999997,21.51159092,0.286770929,238444.461408827,0.0018536811355922634,354298.7828,0.3119632118752076,9268.405677961317
47,900,0.1,10.0,25.0,18.0,25,20,60,12,40.0,0.0069,1.46,650,2,3.0,,,2.07,,,,2.07,2.07,26.51334043,25.19749198,0.26883003,222153.43851169097,0.0018635768267805269,354298.7825,0.2906492346173783,9317.884133902635
48,500,0.1,17.5,25.0,18.0,25,20,60,12,40.0,0.0069,1.46,650,2,3.0,,,4.84,,,,4.84,4.84,28.88126812,43.29893858,0.523306103,423489.74536639114,0.0022857696333650635,354298.7824,0.5540628638641236,11428.848166825317
49,700,0.1,17.5,25.0,18.0,25,20,60,12,40.0,0.0069,1.46,650,2,3.0,,,2.78,,,,2.78,2.78,25.23565209,35.11395817,0.511413409,370033.60909724946,0.0015025662165024482,354298.7822,0.48412478324598074,7512.831082512241
50,900,0.1,17.5,25.0,18.0,25,20,60,12,40.0,0.0069,1.46,650,2,3.0,,,2.35,,,,2.35,2.35,23.03439585,14.69663758,0.482962734,337756.30601310154,0.0013915358251868396,354298.7822,0.4418955316990729,6957.679125934198
51,500,0.1,25.0,25.0,18.0,25,20,60,12,40.0,0.0069,1.46,650,2,3.0,,,6.22,,,,6.22,6.22,26.37704486,34.38680137,0.749488838,552528.5684858274,0.0022514672922870032,354298.7821,0.7228877779723862,11257.336461435016
52,700,0.1,25.0,25.0,18.0,25,20,60,12,40.0,0.0069,1.46,650,2,3.0,,,3.63,,,,3.63,3.63,22.26179037,36.29328837,0.740190536,466324.9894123157,0.0015568541606893911,354298.7825,0.6101053495443145,7784.270803446956
53,900,0.1,25.0,25.0,18.0,25,20,60,12,40.0,0.0069,1.46,650,2,3.0,,,2.18,,,,2.18,2.18,19.15670163,18.15758075,0.714348766,401281.68203502137,0.0010865185716649498,354298.7823,0.5250074656995025,5432.59285832475
54,400,0.3,2.0,25.0,25.0,16,25,0,0,55.415,0.001,1.26,650,0,0.0,,,,,0.1049,C,2.492405408,3.6829147260000004,35.41631875,21.00893355,0.267509004,64715.94223248703,0.0077026010037719184,126592.7601,0.25685029674423265,38513.00501885959
55,400,0.3,3.5,25.0,25.0,16,25,0,0,55.415,0.001,1.26,650,0,0.0,,,,,0.0607,C,3.1439973039999995,1.9590250219999998,27.10561382,29.38902143,0.303953219,86677.2564205205,0.007254491971334872,126592.76,0.3440122829797988,36272.45985667436
56,400,0.3,5.0,25.0,25.0,16,25,0,0,55.415,0.001,1.26,650,0,0.0,,,,,0.0404,C,4.613971955,4.301706058,12.061480300000001,23.59265277,0.376035634,55099.6044960969,0.016747749814889655,126592.7598,0.21868413372505838,83738.74907444828
57,400,0.3,2.0,25.0,25.0,16,25,0,0,55.415,0.015,1.26,650,0,0.0,,,,,0.0709,C,2.632837803,1.962318529,42.08227404,32.03241117,0.298298874,76896.58642978892,0.0068477364867267155,126592.7599,0.3051939037240035,34238.68243363358
58,400,0.3,3.5,25.0,25.0,16,25,0,0,55.415,0.015,1.26,650,0,0.0,,,,,0.0405,C,3.314864903,2.233233633,31.48540455,17.35163023,0.336913129,100682.77744260184,0.006584770478525522,126592.7601,0.3995986208508612,32923.85239262761
59,400,0.3,5.0,25.0,25.0,16,25,0,0,55.415,0.015,1.26,650,0,0.0,,,,,0.0271,C,4.772949512,5.1937397469999995,18.09829728,11.82695826,0.37136083799999997,82677.16709538431,0.01154599190969731,126592.76,0.32813637829971665,57729.95954848656
60,400,0.3,2.0,25.0,25.0,16,25,0,0,55.415,0.076,1.26,650,0,0.0,,,,,0.0517,C,3.402235019,1.101294907,55.77556561,6.6812409189999995,0.41703415899999996,101918.2232766936,0.006676401745668998,126592.76,0.40450196642771963,33382.00872834499
61,400,0.3,3.5,25.0,25.0,16,25,0,0,55.415,0.076,1.26,650,0,0.0,,,,,0.0308,C,3.83691658,0.870187225,48.31552657,12.11858034,0.453540375,154501.47387956703,0.0049668349222232715,126592.76,0.6131989745405746,24834.174611116356
62,400,0.3,5.0,25.0,25.0,16,25,0,0,55.415,0.076,1.26,650,0,0.0,,,,,0.0202,C,5.484746435,3.862084033,36.81583421,7.075969095,0.5299628710000001,168183.162738729,0.006522349021965418,126592.76,0.6675000589752833,32611.745109827094
63,400,0.25,3.5,25.0,18.0,16,25,60,16,55.415,0.001,1.26,650,2,6.0,,,,,0.0192,C,1.828134493,3.5387619530000003,35.89405192,16.80388383,0.221559945,114782.56980437177,0.0031853869383056295,126594.9598,0.4380376067955397,15926.934691528148
64,400,0.3,3.5,25.0,18.0,16,25,60,16,55.415,0.001,1.26,650,2,6.0,,,,,0.0158,C,1.962238383,2.513637203,41.85974367,24.52858939,0.45217169700000004,133859.7537136143,0.002931782449261191,126594.9599,0.5312743085766618,14658.912246305956
65,400,0.4,3.5,25.0,18.0,16,25,60,16,55.415,0.001,1.26,650,2,6.0,,,,,0.0143,C,2.176289094,1.222564519,63.96266842,30.2145019,0.987041342,204540.83782894738,0.002127975143838981,126594.96,0.8742457043514482,10639.875719194904
66,400,0.25,3.5,25.0,18.0,16,25,60,16,55.415,0.015,1.26,650,2,6.0,,,,,0.0115,G,2.150811605,1.1406599370000001,74.23674006,27.37746046,0.458234363,237395.42743676825,0.0018120076096013956,126594.96,0.9059574556993891,9060.038048006978
67,400,0.3,3.5,25.0,18.0,16,25,60,16,55.415,0.015,1.26,650,2,6.0,,,,,0.0107,G,2.166692353,1.80378184,56.33913901,31.33349453,0.608579075,180162.19429744247,0.0024052686097093766,126594.9599,0.7150434880659218,12026.343048546883
68,400,0.4,3.5,25.0,18.0,16,25,60,16,55.415,0.015,1.26,650,2,6.0,,,,,0.0096,G,2.229091309,0.786899363,47.83121919,26.75380627,0.738108524,152955.43305450206,0.0029146938614540304,126594.96,0.6537600594798646,14573.469307270152
69,400,0.25,3.5,25.0,18.0,16,25,60,16,55.415,0.076,1.26,650,2,6.0,,,,,0.0096,LG,2.648680174,1.148749622,58.00538942,19.82240364,0.35804458299999997,185490.5563453845,0.0028558652539357765,126594.9601,0.7078761132738709,14279.326269678882
70,400,0.3,3.5,25.0,18.0,16,25,60,16,55.415,0.076,1.26,650,2,6.0,,,,,0.0075,LG,2.797798676,2.2199470569999997,67.00177456,24.60245037,0.7237575629999999,214259.33975330307,0.0026116002030262663,126594.96,0.8503712238038502,13058.00101513133
71,400,0.4,3.5,25.0,18.0,16,25,60,16,55.415,0.076,1.26,650,2,6.0,,,,,0.0071,LG,2.9653389939999997,0.675024906,79.71659547,15.74130262,1.230148418,254918.99617506715,0.0023264951129523003,126594.96,1.0895713527389077,11632.475564761502
72,200,0.11,1.62,35.0,37.5,16,40,60,12,60.0,0.1,1.2,900,2,8.5,39.2,12.2,,,,,2.425281863,2.8483937000000004,39.2,39.2,0.116225371,43269.91044580002,0.011210015634480744,209153.4597,0.08594940556976406,56050.07817240372
73,200,0.11,4.3260000000000005,35.0,37.5,16,40,60,12,60.0,0.1,1.2,900,2,8.5,34.7,24.0,,,,,2.568536026,3.594909355,34.7,34.7,0.274736176,102282.39875948009,0.005022439944999694,209153.4599,0.20316916034847474,25112.19972499847
74,500,0.11,4.056,35.0,37.5,16,40,60,12,60.0,0.1,1.2,900,2,8.5,25.5,14.1,,,,,2.195908092,2.711599657,25.5,25.5,0.189294496,70473.04575441238,0.006231909146235566,209153.4597,0.1399844910441792,31159.54573117783
75,500,0.11,10.812000000000001,35.0,37.5,16,40,60,12,60.0,0.1,1.2,900,2,8.5,21.3,30.3,,,,,2.652129504,4.392527982,21.3,21.3,0.421488277,156917.20187802002,0.0033802916088978433,209153.4598,0.3116932779877198,16901.458044489216
76,350,0.11,1.86,35.0,37.5,16,40,60,12,60.0,0.1,1.2,900,2,8.5,42.6,10.9,,,,,2.284054663,1.5670496219999999,42.6,42.6,0.145018164,53989.27034648857,0.008461142920960233,209153.46,0.10724186035093576,42305.714604801164
77,350,0.11,8.544,35.0,37.5,16,40,60,12,60.0,0.1,1.2,900,2,8.5,22.3,30.5,,,,,2.6579631530000003,4.28438401,22.3,22.3,0.348711252,129822.81369883493,0.004094755116255586,209153.4603,0.2578742029241281,20473.77558127793
78,138,0.11,2.052,35.0,37.5,16,40,60,12,60.0,0.1,1.2,900,2,8.5,46.7,18.6,,,,,2.55593207,1.794454178,46.7,46.7,0.17538566600000002,65294.883568976795,0.007828889279816056,209153.4599,0.12969882238444158,39144.44639908028
79,562,0.11,8.357999999999999,35.0,37.5,16,40,60,12,60.0,0.1,1.2,900,2,8.5,16.9,18.7,,,,,2.395261805,1.7747752559999999,16.9,16.9,0.258516895,96244.07130970237,0.004977473983394411,209153.4597,0.19117489806327606,24887.369916972053
80,350,0.11,5.202000000000001,35.0,37.5,16,40,60,12,60.0,0.1,1.2,900,2,8.5,25.9,16.2,,,,,2.432695674,3.473551823,25.9,25.9,0.246586883,91802.6096025674,0.005299839916385048,209153.46,0.1823525781264855,26499.19958192524
81,350,0.11,5.202000000000001,35.0,37.5,16,40,60,12,60.0,0.1,1.2,900,2,8.5,27.6,18.4,,,,,2.441117787,3.300710584,27.6,27.6,0.262772122,97828.26351470502,0.004990618660287402,209153.4604,0.1943216662660618,24953.09330143701
82,350,0.11,5.202000000000001,35.0,37.5,16,40,60,12,60.0,0.1,1.2,900,2,8.5,26.1,21.2,,,,,2.433686511,2.109888073,26.1,26.1,0.24849102899999997,92511.51006281887,0.00526137019998362,209153.4599,0.18376070614290632,26306.8509999181
83,350,0.11,1.1340000000000001,35.0,37.5,16,40,60,12,60.0,0.1,1.2,900,2,8.5,53.3,9.0,,,,,2.307914189,2.714345615,53.3,53.3,0.110621648,41183.68262073465,0.01120790586045377,209153.4593,0.08180541637265043,56039.52930226885
84,350,0.11,3.786,35.0,37.5,16,40,60,12,60.0,0.1,1.2,900,2,8.5,26.2,17.3,,,,,2.332151262,3.6272854910000003,26.2,26.2,0.18154394100000001,67587.56741043604,0.006901125018563394,209153.4605,0.13425290653443436,34505.62509281697
85,350,0.11,6.624,35.0,37.5,16,40,60,12,60.0,0.1,1.2,900,2,8.5,22.9,22.7,,,,,2.5173674,5.155712311,22.9,22.9,0.277623142,103357.19651611277,0.004871199074381932,209153.4601,0.20530409031108715,24355.99537190966
86,100,0.09,1.0,25.0,15.0,16,25,60,16,170.0,0.565,1.2,650,2,7.0,41.14,13.48314607,,,,,3.3240799869999997,4.55195591,41.14,41.14,0.163555304,37588.932451517714,0.01768648253731284,126597.9603,0.1250869290333943,88432.4126865642
87,300,0.09,1.0,25.0,15.0,16,25,60,16,170.0,0.565,1.2,650,2,7.0,20.1,6.557377048999999,,,,,3.01538013,2.439152378,20.1,20.1,0.07990913,18365.035057742007,0.03283827251643421,126597.9603,0.06111442084519265,164191.36258217104
88,500,0.09,1.0,25.0,15.0,16,25,60,16,170.0,0.565,1.2,650,2,7.0,16.45,5.3571428569999995,,,,,2.7928335310000003,3.2910832389999998,16.45,16.45,0.065398268,15030.090880589843,0.037163228794667116,126597.9605,0.05001652850265766,185816.14397333557
89,900,0.09,1.0,25.0,15.0,16,25,60,16,170.0,0.565,1.2,650,2,7.0,12.3,4.013377926,,,,,2.363346014,1.9945020619999998,12.3,12.3,0.048899617,11238.30503533466,0.04205876253704344,126597.96,0.03739837693511789,210293.81268521718
90,100,0.09,2.0,25.0,15.0,16,25,60,16,170.0,0.565,1.2,650,2,7.0,30.75,20.83333333,,,,,3.3423051860000004,3.8051721880000002,30.75,30.75,0.244498085,56191.525176673305,0.011896118411064185,126597.96,0.18699188467558944,59480.59205532093
91,300,0.09,2.0,25.0,15.0,16,25,60,16,170.0,0.565,1.2,650,2,7.0,18.4,12.5,,,,,3.076657188,5.002739767,18.4,18.4,0.146301293,33623.546772383364,0.018300610633539747,126597.9601,0.11189107896035269,91503.05316769873
92,500,0.09,2.0,25.0,15.0,16,25,60,16,170.0,0.565,1.2,650,2,7.0,14.2,9.652509653,,,,,2.851385788,1.946228834,14.2,14.2,0.11290643300000001,25948.60674825238,0.021977178317614598,126597.9597,0.0863507239802722,109885.89158807299
93,900,0.09,2.0,25.0,15.0,16,25,60,16,170.0,0.565,1.2,650,2,7.0,11.5,7.507507508,,,,,2.429081837,2.777959413,11.5,11.5,0.09143830800000001,21014.716732739606,0.023117911774805353,126597.9602,0.06993192435022044,115589.55887402677
94,100,0.09,3.0,25.0,15.0,16,25,60,16,170.0,0.565,1.2,650,2,7.0,25.35,25.51724138,,,,,3.385251764,1.9268720680000002,25.35,25.35,0.302342754,69485.61771847162,0.009743748059391825,126597.9599,0.23123142812322894,48718.74029695912
95,300,0.09,3.0,25.0,15.0,16,25,60,16,170.0,0.565,1.2,650,2,7.0,17.0,17.12962963,,,,,3.139420501,4.0703873,17.0,17.0,0.20275451,46597.850146509576,0.013474529366180037,126597.9597,0.15506644095048883,67372.64683090018
96,500,0.09,3.0,25.0,15.0,16,25,60,16,170.0,0.565,1.2,650,2,7.0,12.4,12.45791246,,,,,2.912167428,2.379371849,12.4,12.4,0.147891525,33989.0201068658,0.017135930478982774,126597.9596,0.11310728634035656,85679.65239491386
97,900,0.09,3.0,25.0,15.0,16,25,60,16,170.0,0.565,1.2,650,2,7.0,9.45,9.511568123,,,,,2.488624931,2.6729787,9.45,9.45,0.112707654,25902.92258144208,0.01921501269345532,126597.9598,0.08619869805777172,96075.0634672766
98,100,0.09,1.0,25.0,15.0,16,25,60,16,170.0,0.565,1.2,650,2,7.0,41.14,13.48314607,,,,,3.3240799869999997,1.2870636,41.14,41.14,0.163555304,37588.932451517714,0.01768648253731284,126597.9603,0.1250869290333943,88432.4126865642
99,300,0.09,1.0,25.0,15.0,16,25,60,16,170.0,0.565,1.2,650,2,7.0,20.1,6.557377048999999,,,,,3.01538013,3.3691691360000005,20.1,20.1,0.07990913,18365.035057742007,0.03283827251643421,126597.9603,0.06111442084519265,164191.36258217104
100,500,0.09,1.0,25.0,15.0,16,25,60,16,170.0,0.565,1.2,650,2,7.0,16.45,5.3571428569999995,,,,,2.7928335310000003,2.1893798540000002,16.45,16.45,0.065398268,15030.090880589843,0.037163228794667116,126597.9605,0.05001652850265766,185816.14397333557
101,900,0.09,1.0,25.0,15.0,16,25,60,16,170.0,0.565,1.2,650,2,7.0,12.3,4.013377926,,,,,2.363346014,3.4942585569999998,12.3,12.3,0.048899617,11238.30503533466,0.04205876253704344,126597.96,0.03739837693511789,210293.81268521718
102,100,0.09,1.0,25.0,18.0,16,25,60,0,170.0,0.565,1.2,650,0,0.0,9.5,3.1007751939999997,,,,,3.34395651,1.937376098,9.5,9.5,0.037767997000000005,8680.11510815051,0.07704866740442348,126599.7596,0.028885335967850197,385243.3370221174
103,300,0.09,1.0,25.0,18.0,16,25,60,0,170.0,0.565,1.2,650,0,0.0,6.5,2.1201413430000002,,,,,3.1246301310000004,2.348390802,6.5,6.5,0.025841261,5939.0261266292955,0.10522365331884437,126599.7601,0.019763650925371194,526118.2665942218
104,500,0.09,1.0,25.0,18.0,16,25,60,0,170.0,0.565,1.2,650,0,0.0,3.0,0.97799511,,,,,2.902826661,1.089404792,3.0,3.0,0.011926736,2741.0889815212126,0.2118009798710751,126599.7585,0.00912168504247901,1059004.8993553754
105,900,0.09,1.0,25.0,18.0,16,25,60,0,170.0,0.565,1.2,650,0,0.0,2.7,0.880410858,,,,,2.492412751,2.7760431569999997,2.7,2.7,0.010734061999999999,2466.980083369092,0.2020618462064092,126599.7632,0.008209516538231109,1010309.231032046
106,100,0.09,1.0,25.0,15.0,16,25,60,16,66.0,0.565,1.2,570,2,7.0,47.05,17.94871795,,,,,3.0210721069999997,1.664133235,47.05,47.05,0.145210625,49022.31689389847,0.012325293043732153,126597.9596,0.16313448332880368,61626.465218660764
107,300,0.09,1.0,25.0,15.0,16,25,60,16,66.0,0.565,1.2,570,2,7.0,27.8,10.60606061,,,,,2.72124024,0.7739683190000001,27.8,27.8,0.085799264,28965.36471095383,0.018789614887679346,126597.9597,0.09638976910819858,93948.07443839674
108,500,0.09,1.0,25.0,15.0,16,25,60,16,66.0,0.565,1.2,570,2,7.0,25.8,9.79020979,,,,,2.506868045,1.285075328,25.8,25.8,0.079626655,26881.525523115422,0.018651233486316424,126597.9598,0.08945525334501882,93256.16743158211
109,900,0.09,1.0,25.0,15.0,16,25,60,16,66.0,0.565,1.2,570,2,7.0,14.8,5.62248996,,,,,2.0434443669999998,1.459657957,14.8,14.8,0.045677305999999994,15420.409990004197,0.02650311331961471,126597.9597,0.05131541664753017,132515.56659807355
110,100,0.09,1.0,25.0,18.0,16,25,60,0,66.0,0.565,1.2,570,0,0.0,16.55,6.306306306000001,,,,,3.0465964,1.61,16.55,16.55,0.051078339,17244.014455388566,0.03533511767670749,126599.7593,0.05738393382717423,176675.58838353743
111,300,0.09,1.0,25.0,18.0,16,25,60,0,66.0,0.565,1.2,570,0,0.0,5.45,2.074074074,,,,,2.787141132,1.735400917,5.45,5.45,0.016820359,5678.54252458415,0.09816396090840607,126599.7621,0.018896824130398768,490819.8045420303
112,500,0.09,1.0,25.0,18.0,16,25,60,0,66.0,0.565,1.2,570,0,0.0,3.65,1.388888889,,,,,2.573759773,1.337809784,3.65,3.65,0.011265011,3803.0605898591093,0.13535202567442392,126599.7628,0.01265567120659734,676760.1283721196
113,900,0.09,1.0,25.0,18.0,16,25,60,0,66.0,0.565,1.2,570,0,0.0,2.65,1.0079193659999999,,,,,2.159877936,1.4228562980000001,2.65,2.65,0.008178707,2761.126181678532,0.1564490569342236,126599.7569,0.009188364026707656,782245.2846711179
114,775,0.098901099,17.5,32.5,20.0,25,25,60,4,200.0,0.28,1.2,650,1,0.0,34.72222222,,1.5,,,,1.5,1.5,34.72222222,34.72222222,0.491614007,528023.1308393197,0.0005681569281314148,459302.1395,0.5133770700242448,2840.784640657074
115,600,0.098901099,25.0,25.0,20.5,25,25,90,2,200.0,0.28,1.2,650,1,0.0,13.88888889,,2.2,,,,2.2,2.2,13.88888889,13.88888889,0.28092229,301727.75397757295,0.0014582682375075934,459302.5203,0.29335856941679994,7291.341187537967
116,950,0.098901099,25.0,40.0,20.5,25,25,30,2,200.0,0.28,1.2,650,1,0.0,3.472222222,,2.1,,,,2.1,2.1,3.472222222,3.472222222,0.070230572,75431.93848353103,0.005567933271285321,459302.5237,0.07333964234363907,27839.666356426605
117,600,0.098901099,10.0,40.0,18.0,25,25,30,12,200.0,0.28,1.2,650,2,1.0,48.61111111,,4.0,,,,4.0,4.0,48.61111111,48.61111111,0.393291206,422417.1013435624,0.0018938627187570702,459300.61299999995,0.4107002916163612,9469.313593785351
118,600,0.098901099,25.0,40.0,18.0,25,25,30,12,200.0,0.28,1.2,650,2,1.0,46.52777778,,7.3,,,,7.3,7.3,46.52777778,46.52777778,0.941089671,1010783.778286333,0.0014444236555470461,459300.6133,0.9827471264371213,7222.118277735231
119,950,0.098901099,25.0,25.0,20.5,25,25,30,2,200.0,0.28,1.2,650,1,0.0,22.91666667,,2.4,,,,2.4,2.4,22.91666667,22.91666667,0.463521778,497850.79409558204,0.0009641442891981109,459302.5211,0.4840416395694026,4820.7214459905545
120,600,0.098901099,25.0,25.0,18.0,25,25,60,12,200.0,0.28,1.2,650,2,1.0,39.58333333,,5.6,,,,5.6,5.6,39.58333333,39.58333333,0.8006285259999999,859920.5276823502,0.0013024459399970526,459300.6133,0.8360684507391537,6512.229699985262
121,950,0.098901099,25.0,25.0,18.0,25,25,30,12,200.0,0.28,1.2,650,2,1.0,74.30555556,,6.6,,,,6.6,6.6,74.30555556,74.30555556,1.50293425,1614236.780267777,0.000817723902797601,459300.6135,1.5694618288065563,4088.619513988005
122,600,0.098901099,25.0,40.0,20.5,25,25,90,2,200.0,0.28,1.2,650,1,0.0,4.8611111110000005,,1.9,,,,1.9,1.9,4.8611111110000005,4.8611111110000005,0.098322801,105604.71388128835,0.0035983242227914467,459302.5227,0.10267549928531908,17991.621113957233
123,600,0.098901099,10.0,25.0,20.5,25,25,30,2,200.0,0.28,1.2,650,1,0.0,8.333333332999999,,1.3,,,,1.3,1.3,8.333333332999999,8.333333332999999,0.06742135,72414.66094592774,0.0035904331609609113,459302.5177,0.07040605665158325,17952.165804804557
124,950,0.098901099,10.0,25.0,20.5,25,25,90,2,200.0,0.28,1.2,650,1,0.0,6.25,,0.9,,,,0.9,0.9,6.25,6.25,0.050566012,54310.99571161827,0.003314245994600577,459302.5222,0.052804542490799626,16571.229973002886
125,950,0.098901099,25.0,40.0,19.5,25,25,90,6,200.0,0.28,1.2,650,1,0.0,34.72222222,,4.9,,,,4.9,4.9,34.72222222,34.72222222,0.702305724,754318.1318484597,0.001299186588022889,459301.7582,0.7333952052043086,6495.932940114445
126,950,0.098901099,10.0,25.0,18.0,25,25,30,12,200.0,0.28,1.2,650,2,1.0,46.52777778,,4.5,,,,4.5,4.5,46.52777778,46.52777778,0.37643586799999995,404313.5113145332,0.002225995359575927,459300.6137,0.39309885057484856,11129.976797879635
127,775,0.098901099,17.5,32.5,20.0,25,25,60,4,200.0,0.28,1.2,650,1,0.0,29.86111111,,1.7,,,,1.7,1.7,29.86111111,29.86111111,0.42278804600000003,454099.8925339806,0.0007487339362771541,459302.1393,0.44150428023267874,3743.6696813857707
128,775,0.098901099,17.5,32.5,20.0,25,25,60,4,200.0,0.28,1.2,650,1,0.0,38.19444444,,1.4,,,,1.4,1.4,38.19444444,38.19444444,0.540775408,580825.4438928375,0.00048207254510644355,459302.1392,0.5647147769970987,2410.3627255322176
129,950,0.098901099,10.0,40.0,20.5,25,25,30,2,200.0,0.28,1.2,650,1,0.0,27.77777778,,1.3,,,,1.3,1.3,27.77777778,27.77777778,0.224737832,241382.20318205844,0.0010771299481590172,459302.5205,0.23468685553343996,5385.6497407950865
130,600,0.098901099,10.0,40.0,19.5,25,25,90,6,200.0,0.28,1.2,650,1,0.0,41.66666667,,4.4,,,,4.4,4.4,41.66666667,41.66666667,0.33710674799999996,362072.70333939925,0.0024304510996928336,459301.7574,0.3520296985487604,12152.255498464168
131,950,0.098901099,10.0,40.0,18.0,25,25,60,12,200.0,0.28,1.2,650,2,1.0,53.47222222,,2.8,,,,2.8,2.8,53.47222222,53.47222222,0.432620326,464658.811469229,0.0012051853665043103,459300.6136,0.45177032076954854,6025.926832521552
