,RPM (1/s),L/S Ratio,FlowRate (kg/hr),Temperature,nCE,Granulator diameter (mm),L/D Ratio,SA of KE,n KE,Intial D50,Binder Viscosity (mPa.s),Flowability (HR),Bulk Density,nKZ,dKZ,MRT,Exp Fill level,Torque,d50,Beta,Regime,DetTorque,RanTorque,DetMRT,RanMRT,Calc Fill level,Calc Fill volume,Calc Beta,tot vol,Extent of gran,PFNVals,Torque / Fill Volume,Vol free,Vol max
0,500,0.08,10.0,25.0,19.0,25,20,60,6,40.0,0.0103,1.46,650,1,0.0,,,1.4,916.1675,,,1.4,1.4,35.33684757,41.13344766,0.35216289404237194,124771.95926344616,0.0022440939587139294,354301.8341,22.9041875,0.005223546850195538,11220.469793569646,354301.83410644537,389781.1889648438
1,700,0.08,10.0,25.0,19.0,25,20,60,6,40.0,0.0103,1.46,650,1,0.0,,,1.53,848.3675,,,1.53,1.53,33.63181308,19.60442329,0.3351707195352655,118751.60067012157,0.002576807371633105,354301.834,21.2091875,0.0037311048929968135,12884.036858165524,354301.83410644537,389781.1889648438
2,900,0.08,10.0,25.0,19.0,25,20,60,6,40.0,0.0103,1.46,650,1,0.0,,,1.56,828.7075,,,1.56,1.56,31.83816757,27.87757185,0.3172954579563587,112418.36270758242,0.002775347305240162,354301.8343,20.7176875,0.002901970472330855,13876.736526200812,354301.83410644537,389781.1889648438
3,500,0.08,17.5,25.0,19.0,25,20,60,6,40.0,0.0103,1.46,650,1,0.0,,,2.02,950.61,,,2.02,2.02,32.15918048,10.93653619,0.560865611441654,198715.71482101094,0.0020330551127468437,354301.8338,23.76525,0.009141206987842192,10165.275563734218,354301.83410644537,389781.1889648438
4,700,0.08,17.5,25.0,19.0,25,20,60,6,40.0,0.0103,1.46,650,1,0.0,,,1.52,960.7975,,,1.52,1.52,29.89589651,15.770185999999999,0.5213932701458429,184730.59190342948,0.0016456397225150467,354301.8344,24.0199375,0.006529433562744423,8228.198612575234,354301.83410644537,389781.1889648438
5,900,0.08,17.5,25.0,19.0,25,20,60,6,40.0,0.0103,1.46,650,1,0.0,,,1.61,880.975,,,1.61,1.61,28.15541762,39.59750887,0.49103880394766874,173975.94885609427,0.001850830543630747,354301.8338,22.024375,0.005078448326578996,9254.152718153735,354301.83410644537,389781.1889648438
6,500,0.08,25.0,25.0,19.0,25,20,60,6,40.0,0.0103,1.46,650,1,0.0,,,3.18,1047.345,,,3.18,3.18,29.46001295,37.57559903,0.7339876172065222,260053.15898769035,0.0024456538135347364,354301.834,26.183625,0.013058867125488845,12228.269067673682,354301.83410644537,389781.1889648438
7,700,0.08,25.0,25.0,19.0,25,20,60,6,40.0,0.0103,1.46,650,1,0.0,,,1.1,961.715,,,1.1,1.1,25.79667472,32.9260437,0.6427166152886747,227715.6756074641,0.0009661170642430242,354301.8342,24.042875,0.009327762232492032,4830.5853212151205,354301.83410644537,389781.1889648438
8,900,0.08,25.0,25.0,19.0,25,20,60,6,40.0,0.0103,1.46,650,1,0.0,,,1.16,939.8075,,,1.16,1.16,24.02961251,14.52352153,0.5986907764957698,212117.24017506323,0.0010937347657763569,354301.8342,23.4951875,0.007254926180827136,5468.673828881784,354301.83410644537,389781.1889648438
9,500,0.09,10.0,25.0,19.0,25,20,60,6,40.0,0.0083,1.46,650,1,0.0,,,1.6,1197.875,,,1.6,1.6,33.43460676,21.99426092,0.33320538439219505,118055.27882429786,0.0027105945891352924,354301.8344,29.946875,0.005223546850195538,13552.972945676462,354301.83410644537,389781.1889648438
10,700,0.09,10.0,25.0,19.0,25,20,60,6,40.0,0.0083,1.46,650,1,0.0,,,1.85,1154.4,,,1.85,1.85,31.83590551,23.56302321,0.31727291453070317,112410.37553052562,0.0032915111105515753,354301.8342,28.86,0.0037311048929968135,16457.555552757876,354301.83410644537,389781.1889648438
11,900,0.09,10.0,25.0,19.0,25,20,60,6,40.0,0.0083,1.46,650,1,0.0,,,1.87,1021.98,,,1.87,1.87,30.03339889,23.41841054,0.29930934416488925,106045.84960281756,0.0035267764028556864,354301.8337,25.5495,0.002901970472330855,17633.88201427843,354301.83410644537,389781.1889648438
12,500,0.09,17.5,25.0,19.0,25,20,60,6,40.0,0.0083,1.46,650,1,0.0,,,2.46,1114.015,,,2.46,2.46,30.46960614,22.08803034,0.5313989356390922,188275.6175391433,0.002613190207158455,354301.834,27.850375,0.009141206987842192,13065.951035792275,354301.83410644537,389781.1889648438
13,700,0.09,17.5,25.0,19.0,25,20,60,6,40.0,0.0083,1.46,650,1,0.0,,,1.83,1050.35,,,1.83,1.83,28.09112783,23.31631033,0.4899175710107713,173578.69397009097,0.002108553714910799,354301.8339,26.25875,0.006529433562744423,10542.768574553995,354301.83410644537,389781.1889648438
14,900,0.09,17.5,25.0,19.0,25,20,60,6,40.0,0.0083,1.46,650,1,0.0,,,1.82,1057.0775,,,1.82,1.82,26.26203791,22.12570132,0.45801770226254357,162276.511964839,0.002243084939358748,354301.8341,26.4269375,0.005078448326578996,11215.42469679374,354301.83410644537,389781.1889648438
15,500,0.09,25.0,25.0,19.0,25,20,60,6,40.0,0.0083,1.46,650,1,0.0,,,2.98,1173.81,,,2.98,2.98,27.20332802,21.83188149,0.6777629713664882,240132.663844581,0.0024819613894165767,354301.8341,29.34525,0.013058867125488845,12409.806947082883,354301.83410644537,389781.1889648438
16,700,0.09,25.0,25.0,19.0,25,20,60,6,40.0,0.0083,1.46,650,1,0.0,,,1.4,1017.23,,,1.4,1.4,23.98304494,19.87805605,0.5975305590918805,211706.173020903,0.001322587792337798,354301.834,25.43075,0.009327762232492032,6612.93896168899,354301.83410644537,389781.1889648438
17,900,0.09,25.0,25.0,19.0,25,20,60,6,40.0,0.0083,1.46,650,1,0.0,,,1.28,1120.235,,,1.28,1.28,22.05648288,39.79055683,0.5495308281270681,194699.78030345403,0.0013148448323927488,354301.8344,28.005875,0.007254926180827136,6574.224161963744,354301.83410644537,389781.1889648438
18,500,0.1,10.0,25.0,19.0,25,20,60,6,40.0,0.0069,1.46,650,1,0.0,,,1.93,1177.59,,,1.93,1.93,31.80412515,28.90771621,0.3169561951762351,112298.16128234056,0.003437278006979268,354301.8341,29.43975,0.005223546850195538,17186.39003489634,354301.83410644537,389781.1889648438
19,700,0.1,10.0,25.0,19.0,25,20,60,6,40.0,0.0069,1.46,650,1,0.0,,,1.82,1210.07,,,1.82,1.82,29.886424199999997,14.37291436,0.29784461157721714,105526.89216052985,0.003449357718658815,354301.8343,30.25175,0.0037311048929968135,17246.788593294074,354301.83410644537,389781.1889648438
20,900,0.1,10.0,25.0,19.0,25,20,60,6,40.0,0.0069,1.46,650,1,0.0,,,1.68,1178.6675,,,1.68,1.68,27.94213994,30.17588032,0.27846810181679565,98661.75921383107,0.003405574790854705,354301.834,29.4666875,0.002901970472330855,17027.873954273524,354301.83410644537,389781.1889648438
21,500,0.1,17.5,25.0,19.0,25,20,60,6,40.0,0.0069,1.46,650,1,0.0,,,2.45,1159.435,,,2.45,2.45,28.53784704,34.92473132,0.49770848605026374,176339.02945795062,0.0027787382152789056,354301.8337,28.985875,0.009141206987842192,13893.691076394527,354301.83410644537,389781.1889648438
22,700,0.1,17.5,25.0,19.0,25,20,60,6,40.0,0.0069,1.46,650,1,0.0,,,1.84,1267.2975,,,1.84,1.84,26.17709094,17.1538479,0.4565362020017146,161751.6137051981,0.0022750932220725897,354301.8342,31.6824375,0.006529433562744423,11375.466110362948,354301.83410644537,389781.1889648438
23,900,0.1,17.5,25.0,19.0,25,20,60,6,40.0,0.0069,1.46,650,1,0.0,,,1.55,1093.5875,,,1.55,1.55,24.09989013,49.090098600000005,0.42030920600869515,148916.32258070447,0.0020817059851313277,354301.8341,27.3396875,0.005078448326578996,10408.52992565664,354301.83410644537,389781.1889648438
24,500,0.1,25.0,25.0,19.0,25,20,60,6,40.0,0.0069,1.46,650,1,0.0,,,3.46,1271.5875,,,3.46,3.46,25.70576297,30.04670273,0.6404515755932807,226913.16788906208,0.0030496246931703804,354301.8343,31.7896875,0.013058867125488845,15248.123465851902,354301.83410644537,389781.1889648438
25,700,0.1,25.0,25.0,19.0,25,20,60,6,40.0,0.0069,1.46,650,1,0.0,,,1.86,1257.075,,,1.86,1.86,22.46775767,27.10952368,0.5597776193841376,198330.23723953965,0.001875659532190773,354301.8339,31.426875,0.009327762232492032,9378.297660953865,354301.83410644537,389781.1889648438
26,900,0.1,25.0,25.0,19.0,25,20,60,6,40.0,0.0069,1.46,650,1,0.0,,,1.24,1175.155,,,1.24,1.24,20.09814047,22.14397718,0.5007392990252325,177412.85205381567,0.0013978694166123474,354301.834,29.378875,0.007254926180827136,6989.347083061737,354301.83410644537,389781.1889648438
27,500,0.08,10.0,25.0,18.0,25,20,60,12,40.0,0.0103,1.46,650,2,3.0,,,2.39,1162.8875,,,2.39,2.39,34.43971424,9.829790923,0.3432192117749897,121602.14881053641,0.003930851590005644,354298.7819,29.0721875,0.005223546850195538,19654.257950028223,354298.78234863287,389781.1889648438
28,700,0.08,10.0,25.0,18.0,25,20,60,12,40.0,0.0103,1.46,650,2,3.0,,,2.43,1114.6075,,,2.43,2.43,32.65492983,21.93293706,0.32543241209019386,115300.3073403342,0.0042150798311878235,354298.782,27.8651875,0.0037311048929968135,21075.399155939118,354298.78234863287,389781.1889648438
29,900,0.08,10.0,25.0,18.0,25,20,60,12,40.0,0.0103,1.46,650,2,3.0,,,2.39,1116.125,,,2.39,2.39,30.7992566,26.35470019,0.30693914879322903,108748.16667256689,0.004395476398597362,354298.7822,27.903125,0.002901970472330855,21977.38199298681,354298.78234863287,389781.1889648438
30,500,0.08,17.5,25.0,18.0,25,20,60,12,40.0,0.0103,1.46,650,2,3.0,,,0.3,465.1025,,,0.3,0.3,28.86068825,25.345494600000002,0.5033345966805919,178330.83471787392,0.00033645331215390907,354298.7821,11.6275625,0.009141206987842192,1682.2665607695453,354298.78234863287,389781.1889648438
31,700,0.08,17.5,25.0,18.0,25,20,60,12,40.0,0.0103,1.46,650,2,3.0,,,0.93,429.63,,,0.93,0.93,27.59870892,28.17186572,0.4813254937935604,170533.0363644129,0.001090697755492582,354298.7822,10.74075,0.006529433562744423,5453.48877746291,354298.78234863287,389781.1889648438
32,900,0.08,17.5,25.0,18.0,25,20,60,12,40.0,0.0103,1.46,650,2,3.0,,,1.09,451.1925,,,1.09,1.09,25.92025774,16.56267367,0.45205306132711126,160161.84918516738,0.0013611231457996242,354298.7825,11.2798125,0.005078448326578996,6805.615728998121,354298.78234863287,389781.1889648438
33,500,0.08,25.0,25.0,18.0,25,20,60,12,40.0,0.0103,1.46,650,2,3.0,,,3.9,1102.9,,,3.9,3.9,28.32362984,26.12197659,0.705668885675645,250017.62693619763,0.003119780031345747,354298.7823,27.5725,0.013058867125488845,15598.900156728736,354298.78234863287,389781.1889648438
34,700,0.08,25.0,25.0,18.0,25,20,60,12,40.0,0.0103,1.46,650,2,3.0,,,2.2,1112.4325,,,2.2,2.2,24.99701352,35.12540603,0.6227879256833782,220653.00373105175,0.0019940811707068566,354298.7824,27.8108125,0.009327762232492032,9970.405853534283,354298.78234863287,389781.1889648438
35,900,0.08,25.0,25.0,18.0,25,20,60,12,40.0,0.0103,1.46,650,2,3.0,,,2.61,1088.4725,,,2.61,2.61,23.54008992,13.34263697,0.5864894124230965,207792.48468186826,0.0025121216525187885,354298.7822,27.2118125,0.007254926180827136,12560.608262593943,354298.78234863287,389781.1889648438
36,500,0.09,10.0,25.0,18.0,25,20,60,12,40.0,0.0083,1.46,650,2,3.0,,,2.51,1203.1625,,,2.51,2.51,32.466584600000004,28.37512615,0.3235554017023696,114635.28484547233,0.004379105444512071,354298.7823,30.0790625,0.005223546850195538,21895.527222560355,354298.78234863287,389781.1889648438
37,700,0.09,10.0,25.0,18.0,25,20,60,12,40.0,0.0083,1.46,650,2,3.0,,,2.33,1326.89,,,2.33,2.33,30.48685593,7.656675544,0.30382582703428,107645.12056431176,0.00432903969596645,354298.7822,33.17225,0.0037311048929968135,21645.198479832252,354298.78234863287,389781.1889648438
38,900,0.09,10.0,25.0,18.0,25,20,60,12,40.0,0.0083,1.46,650,2,3.0,,,2.18,1272.59,,,2.18,2.18,28.53371056,13.15629089,0.2843611761460103,100748.81845575655,0.004327594176118976,354298.7823,31.81475,0.002901970472330855,21637.97088059488,354298.78234863287,389781.1889648438
39,500,0.09,17.5,25.0,18.0,25,20,60,12,40.0,0.0083,1.46,650,2,3.0,,,3.8,1287.45,,,3.8,3.8,29.88261141,32.050830100000006,0.521157085081476,184645.3206567298,0.004115999242747667,354298.7826,32.18625,0.009141206987842192,20579.996213738334,354298.78234863287,389781.1889648438
40,700,0.09,17.5,25.0,18.0,25,20,60,12,40.0,0.0083,1.46,650,2,3.0,,,2.26,1313.695,,,2.26,2.26,26.69777274,36.93890345,0.4656130359038822,164966.13166639576,0.002739956350034691,354298.7826,32.842375,0.006529433562744423,13699.781750173455,354298.78234863287,389781.1889648438
41,900,0.09,17.5,25.0,18.0,25,20,60,12,40.0,0.0083,1.46,650,2,3.0,,,2.18,1141.7775,,,2.18,2.18,24.8066551,12.11126273,0.4326316694735458,153280.8736999335,0.0028444514274724494,354298.7821,28.5444375,0.005078448326578996,14222.257137362247,354298.78234863287,389781.1889648438
42,500,0.09,25.0,25.0,18.0,25,20,60,12,40.0,0.0083,1.46,650,2,3.0,,,8.06,1241.725,,,8.06,8.06,29.9303858,38.96824293,0.7457003962641868,264200.7423932944,0.006101421159522501,354298.7824,31.043125,0.013058867125488845,30507.105797612505,354298.78234863287,389781.1889648438
43,700,0.09,25.0,25.0,18.0,25,20,60,12,40.0,0.0083,1.46,650,2,3.0,,,3.09,1217.5525,,,3.09,3.09,23.70618882,18.97481313,0.5906276823530834,209258.66867909257,0.0029532826711601147,354298.7822,30.4388125,0.009327762232492032,14766.413355800574,354298.78234863287,389781.1889648438
44,900,0.09,25.0,25.0,18.0,25,20,60,12,40.0,0.0083,1.46,650,2,3.0,,,2.5,1207.6975,,,2.5,2.5,21.36315492,33.08616238,0.5322521799667952,188576.29926464095,0.0026514466661492738,354298.7822,30.1924375,0.007254926180827136,13257.233330746369,354298.78234863287,389781.1889648438
45,500,0.1,10.0,25.0,18.0,25,20,60,12,40.0,0.0069,1.46,650,2,3.0,,,2.48,1292.8675,,,2.48,2.48,30.5171033,30.89422102,0.3041272661930756,107751.92009122523,0.004603166232027003,354298.7823,32.3216875,0.005223546850195538,23015.831160135014,354298.78234863287,389781.1889648438
46,700,0.1,10.0,25.0,18.0,25,20,60,12,40.0,0.0069,1.46,650,2,3.0,,,2.21,1178.9025,,,2.21,2.21,28.457624699999997,21.51159092,0.28360291988655234,100480.16918632237,0.004398877943571041,354298.7828,29.4725625,0.0037311048929968135,21994.389717855203,354298.78234863287,389781.1889648438
47,900,0.1,10.0,25.0,18.0,25,20,60,12,40.0,0.0069,1.46,650,2,3.0,,,2.07,1289.035,,,2.07,2.07,26.51334043,25.19749198,0.2642265769248893,93615.15446863566,0.0044223609131436555,354298.7825,32.225875,0.002901970472330855,22111.804565718277,354298.78234863287,389781.1889648438
48,500,0.1,17.5,25.0,18.0,25,20,60,12,40.0,0.0069,1.46,650,2,3.0,,,4.84,1444.5275,,,4.84,4.84,28.88126812,43.29893858,0.5036935126037487,178457.99819241394,0.005424245535671085,354298.7824,36.1131875,0.009141206987842192,27121.227678355426,354298.78234863287,389781.1889648438
49,700,0.1,17.5,25.0,18.0,25,20,60,12,40.0,0.0069,1.46,650,2,3.0,,,2.78,1322.7875,,,2.78,2.78,25.23565209,35.11395817,0.4401134393145279,155931.65564440616,0.003565664699077706,354298.7822,33.0696875,0.006529433562744423,17828.32349538853,354298.78234863287,389781.1889648438
50,900,0.1,17.5,25.0,18.0,25,20,60,12,40.0,0.0069,1.46,650,2,3.0,,,2.35,1317.175,,,2.35,2.35,23.03439585,14.69663758,0.4017232106355208,142330.04436934838,0.00330218403347324,354298.7822,32.929375,0.005078448326578996,16510.9201673662,354298.78234863287,389781.1889648438
51,500,0.1,25.0,25.0,18.0,25,20,60,12,40.0,0.0069,1.46,650,2,3.0,,,6.22,1451.01,,,6.22,6.22,26.37704486,34.38680137,0.6571707072476237,232834.78137302297,0.005342844366568224,354298.7821,36.27525,0.013058867125488845,26714.22183284112,354298.78234863287,389781.1889648438
52,700,0.1,25.0,25.0,18.0,25,20,60,12,40.0,0.0069,1.46,650,2,3.0,,,3.63,1369.535,,,3.63,3.63,22.26179037,36.29328837,0.5546412268584676,196508.71131630693,0.003694492702826829,354298.7825,34.238375,0.009327762232492032,18472.463514134146,354298.78234863287,389781.1889648438
53,900,0.1,25.0,25.0,18.0,25,20,60,12,40.0,0.0069,1.46,650,2,3.0,,,2.18,1236.9625,,,2.18,2.18,19.15670163,18.15758075,0.47727951427227494,169099.55074661397,0.0025783628523846354,354298.7823,30.9240625,0.007254926180827136,12891.814261923177,354298.78234863287,389781.1889648438
54,400,0.3,2.0,25.0,25.0,16,25,0,0,55.415,0.001,1.26,650,0,0.0,,,,2177.91144,0.1049,C,2.492405408,3.6829147260000004,35.41631875,21.00893355,0.19757715134171744,25011.836901285715,0.01992980697768647,126592.7601,32.99865818,0.004981562471576251,99649.03488843236,126592.76000000001,139265.92
55,400,0.3,3.5,25.0,25.0,16,25,0,0,55.415,0.001,1.26,650,0,0.0,,,,2038.854182,0.0607,C,3.1439973039999995,1.9590250219999998,27.10561382,29.38902143,0.2646248330613837,33499.58798177981,0.01877036401587982,126592.76,30.89173003,0.00871773432525844,93851.8200793991,126592.76000000001,139265.92
56,400,0.3,5.0,25.0,25.0,16,25,0,0,55.415,0.001,1.26,650,0,0.0,,,,1880.420093,0.0404,C,4.613971955,4.301706058,12.061480300000001,23.59265277,0.16821856440389107,21295.252351126328,0.04333333908349729,126592.7598,28.49121353,0.012453906178940629,216666.69541748645,126592.76000000001,139265.92
57,400,0.3,2.0,25.0,25.0,16,25,0,0,55.415,0.015,1.26,650,0,0.0,,,,2008.658421,0.0709,C,2.632837803,1.962318529,42.08227404,32.03241117,0.2347645413261565,29719.491236612215,0.017717919745251484,126592.7599,30.4342185,0.004981562471576251,88589.59872625742,126592.76000000001,139265.92
58,400,0.3,3.5,25.0,25.0,16,25,0,0,55.415,0.015,1.26,650,0,0.0,,,,1900.37613,0.0405,C,3.314864903,2.233233633,31.48540455,17.35163023,0.30738355450066246,38912.53254284929,0.017037518179264084,126592.7601,28.79357773,0.00871773432525844,85187.59089632043,126592.76000000001,139265.92
59,400,0.3,5.0,25.0,25.0,16,25,0,0,55.415,0.015,1.26,650,0,0.0,,,,1801.211019,0.0271,C,4.772949512,5.1937397469999995,18.09829728,11.82695826,0.2524125986920897,31953.60752720403,0.029874245078190316,126592.76,27.29107605,0.012453906178940629,149371.2253909516,126592.76000000001,139265.92
60,400,0.3,2.0,25.0,25.0,16,25,0,0,55.415,0.076,1.26,650,0,0.0,,,,1916.9127260000002,0.0517,C,3.402235019,1.101294907,55.77556561,6.6812409189999995,0.31115535879055356,39390.01565808644,0.017274606075469025,126592.76,29.04413221,0.004981562471576251,86373.03037734512,126592.76000000001,139265.92
61,400,0.3,3.5,25.0,25.0,16,25,0,0,55.415,0.076,1.26,650,0,0.0,,,,1808.6304350000003,0.0308,C,3.83691658,0.870187225,48.31552657,12.11858034,0.4716915188773651,59712.731243277754,0.012851251316466774,126592.76,27.40349144,0.00871773432525844,64256.256582333874,126592.76000000001,139265.92
62,400,0.3,5.0,25.0,25.0,16,25,0,0,55.415,0.076,1.26,650,0,0.0,,,,1684.392082,0.0202,C,5.484746435,3.862084033,36.81583421,7.075969095,0.5134615838271409,65000.519050649134,0.01687600811533897,126592.76,25.52109215,0.012453906178940629,84380.04057669484,126592.76000000001,139265.92
63,400,0.25,3.5,25.0,18.0,16,25,60,16,55.415,0.001,1.26,650,2,6.0,,,,1010.297465,0.0192,C,1.828134493,3.5387619530000003,35.89405192,16.80388383,0.3504300854364317,44362.68264862166,0.00824176710628567,126594.9598,17.72451692,0.00871773432525844,41208.83553142835,126594.96,139265.92
64,400,0.3,3.5,25.0,18.0,16,25,60,16,55.415,0.001,1.26,650,2,6.0,,,,1105.18829,0.0158,C,1.962238383,2.513637203,41.85974367,24.52858939,0.40867254505897066,51735.88449483859,0.007585599056282731,126594.9599,19.38926825,0.00871773432525844,37927.995281413656,126594.96,139265.92
65,400,0.4,3.5,25.0,18.0,16,25,60,16,55.415,0.001,1.26,650,2,6.0,,,,1340.5213449999999,0.0143,C,2.176289094,1.222564519,63.96266842,30.2145019,0.6244612173938916,79053.64283753102,0.005505854040079221,126594.96,23.51791834,0.00871773432525844,27529.270200396106,126594.96,139265.92
66,400,0.25,3.5,25.0,18.0,16,25,60,16,55.415,0.015,1.26,650,2,6.0,,,,1203.523694,0.0115,G,2.150811605,1.1406599370000001,74.23674006,27.37746046,0.7247659645595114,91751.71829277277,0.004688329864595938,126594.96,21.11445077,0.00871773432525844,23441.64932297969,126594.96,139265.92
67,400,0.3,3.5,25.0,18.0,16,25,60,16,55.415,0.015,1.26,650,2,6.0,,,,1441.396828,0.0107,G,2.166692353,1.80378184,56.33913901,31.33349453,0.5500334523584013,69631.46289997372,0.0062233141823042695,126594.9599,25.28766365,0.00871773432525844,31116.570911521347,126594.96,139265.92
68,400,0.4,3.5,25.0,18.0,16,25,60,16,55.415,0.015,1.26,650,2,6.0,,,,1631.695336,0.0096,G,2.229091309,0.786899363,47.83121919,26.75380627,0.4669714710570462,59116.23469960792,0.007541384597063264,126594.96,28.62623396,0.00871773432525844,37706.92298531632,126594.96,139265.92
69,400,0.25,3.5,25.0,18.0,16,25,60,16,55.415,0.076,1.26,650,2,6.0,,,,1367.0000539999999,0.0096,LG,2.648680174,1.148749622,58.00538942,19.82240364,0.5663008906190966,71690.83859588891,0.007389173361272099,126594.9601,23.98245709,0.00871773432525844,36945.86680636049,126594.96,139265.92
70,400,0.3,3.5,25.0,18.0,16,25,60,16,55.415,0.076,1.26,650,2,6.0,,,,1481.73886,0.0075,LG,2.797798676,2.2199470569999997,67.00177456,24.60245037,0.6541317106183463,82809.77774046113,0.006757169871337516,126594.96,25.9954186,0.00871773432525844,33785.849356687584,126594.96,139265.92
71,400,0.4,3.5,25.0,18.0,16,25,60,16,55.415,0.076,1.26,650,2,6.0,,,,1742.0000539999999,0.0071,LG,2.9653389939999997,0.675024906,79.71659547,15.74130262,0.7782652519563629,98524.45844080568,0.006019498185380233,126594.96,30.56140446,0.00871773432525844,30097.490926901162,126594.96,139265.92
72,200,0.11,1.62,35.0,37.5,16,40,60,12,60.0,0.1,1.2,900,2,8.5,39.2,12.2,,1486.666667,,,2.425281863,2.8483937000000004,39.2,39.2,0.07743189690969735,16195.149153026507,0.029950719688762725,209153.4597,24.77777778,0.005828428091744214,149753.59844381362,209153.46,230091.52
73,200,0.11,4.3260000000000005,35.0,37.5,16,40,60,12,60.0,0.1,1.2,900,2,8.5,34.7,24.0,,2220.0,,,2.568536026,3.594909355,34.7,34.7,0.1830352795932204,38282.46202898944,0.013418865401368245,209153.4599,37.0,0.015564061682028068,67094.32700684122,209153.46,230091.52
74,500,0.11,4.056,35.0,37.5,16,40,60,12,60.0,0.1,1.2,900,2,8.5,25.5,14.1,,1784.4444440000002,,,2.195908092,2.711599657,25.5,25.5,0.12611215409385512,26376.793376782964,0.01665030362585964,209153.4597,29.74074074,0.005837062800028279,83251.5181292982,209153.46,230091.52
75,500,0.11,10.812000000000001,35.0,37.5,16,40,60,12,60.0,0.1,1.2,900,2,8.5,21.3,30.3,,2264.444444,,,2.652129504,4.392527982,21.3,21.3,0.2808047549438916,58731.28608096704,0.009031402787072533,209153.4598,37.74074074,0.015559744327886036,45157.013935362666,209153.46,230091.52
76,350,0.11,1.86,35.0,37.5,16,40,60,12,60.0,0.1,1.2,900,2,8.5,42.6,10.9,,1755.5555559999998,,,2.284054663,1.5670496219999999,42.6,42.6,0.09661428860444662,20207.212747058584,0.022606330636395888,209153.46,29.25925926,0.0038239422400861514,113031.65318197945,209153.46,230091.52
77,350,0.11,8.544,35.0,37.5,16,40,60,12,60.0,0.1,1.2,900,2,8.5,22.3,30.5,,2593.333333,,,2.6579631530000003,4.28438401,22.3,22.3,0.23231910173344872,48590.3439516428,0.010940293633834782,209153.4603,43.22222222,0.01756546370929897,54701.46816917391,209153.46,230091.52
78,138,0.11,2.052,35.0,37.5,16,40,60,12,60.0,0.1,1.2,900,2,8.5,46.7,18.6,,1717.7777780000001,,,2.55593207,1.794454178,46.7,46.7,0.11684578593192933,24438.700414082345,0.0209170866428494,209153.4599,28.62962963,0.010699529830255078,104585.43321424701,209153.46,230091.52
79,562,0.11,8.357999999999999,35.0,37.5,16,40,60,12,60.0,0.1,1.2,900,2,8.5,16.9,18.7,,1724.4444440000002,,,2.395261805,1.7747752559999999,16.9,16.9,0.17222963789484325,36022.42468025358,0.013298726147732145,209153.4597,28.74074074,0.010701199857387227,66493.63073866072,209153.46,230091.52
80,350,0.11,5.202000000000001,35.0,37.5,16,40,60,12,60.0,0.1,1.2,900,2,8.5,25.9,16.2,,1666.666667,,,2.432695674,3.473551823,25.9,25.9,0.16428160191575272,34360.06545502231,0.014160017693705644,209153.46,27.77777778,0.010694702974692561,70800.08846852822,209153.46,230091.52
81,350,0.11,5.202000000000001,35.0,37.5,16,40,60,12,60.0,0.1,1.2,900,2,8.5,27.6,18.4,,1640.0,,,2.441117787,3.300710584,27.6,27.6,0.1750645642036593,36615.35932658748,0.013333845860840333,209153.4604,27.33333333,0.010694702974692561,66669.22930420167,209153.46,230091.52
82,350,0.11,5.202000000000001,35.0,37.5,16,40,60,12,60.0,0.1,1.2,900,2,8.5,26.1,21.2,,1595.5555550000001,,,2.433686511,2.109888073,26.1,26.1,0.16555018571432997,34625.394145794686,0.014057234992056116,209153.4599,26.59259259,0.010694702974692561,70286.17496028058,209153.46,230091.52
83,350,0.11,1.1340000000000001,35.0,37.5,16,40,60,12,60.0,0.1,1.2,900,2,8.5,53.3,9.0,,1636.0,,,2.307914189,2.714345615,53.3,53.3,0.07369857330869406,15414.31160457701,0.029945082832174032,209153.4593,27.26666667,0.002331371236697686,149725.41416087016,209153.46,230091.52
84,350,0.11,3.786,35.0,37.5,16,40,60,12,60.0,0.1,1.2,900,2,8.5,26.2,17.3,,1484.444444,,,2.332151262,3.6272854910000003,26.2,26.2,0.12094856444543635,25296.810735795993,0.01843830264895735,209153.4605,24.74074074,0.007783572753207618,92191.51324478675,209153.46,230091.52
85,350,0.11,6.624,35.0,37.5,16,40,60,12,60.0,0.1,1.2,900,2,8.5,22.9,22.7,,2071.111111,,,2.5173674,5.155712311,22.9,22.9,0.1849586399198983,38684.73949614085,0.013014782742694339,209153.4601,34.51851852,0.013618168493726164,65073.913713471695,209153.46,230091.52
86,100,0.09,1.0,25.0,15.0,16,25,60,16,170.0,0.565,1.2,650,2,7.0,41.14,13.48314607,,3557.903721,,,3.3240799869999997,4.55195591,41.14,41.14,0.11475865048935256,14528.211044305037,0.04576034828875944,126597.9603,20.92884542,0.009963124943152503,228801.7414437972,126597.96,139265.92
87,300,0.09,1.0,25.0,15.0,16,25,60,16,170.0,0.565,1.2,650,2,7.0,20.1,6.557377048999999,,2551.837523,,,3.01538013,2.439152378,20.1,20.1,0.05606827600476389,7098.129362920059,0.08496267046785745,126597.9603,15.01080896,0.003321041647717501,424813.3523392873,126597.96,139265.92
88,500,0.09,1.0,25.0,15.0,16,25,60,16,170.0,0.565,1.2,650,2,7.0,16.45,5.3571428569999995,,2360.2421480000003,,,2.7928335310000003,3.2910832389999998,16.45,16.45,0.045886723396933636,5809.165573136069,0.0961526572392838,126597.9605,13.88377734,0.0019926249886305005,480763.28619641904,126597.96,139265.92
89,900,0.09,1.0,25.0,15.0,16,25,60,16,170.0,0.565,1.2,650,2,7.0,12.3,4.013377926,,2040.681227,,,2.363346014,1.9945020619999998,12.3,12.3,0.034310437555154026,4343.631401189888,0.1088189026975258,126597.96,12.00400722,0.0011070138825725003,544094.513487629,126597.96,139265.92
90,100,0.09,2.0,25.0,15.0,16,25,60,16,170.0,0.565,1.2,650,2,7.0,30.75,20.83333333,,4075.3568939999996,,,3.3423051860000004,3.8051721880000002,30.75,30.75,0.1715521877757701,21718.157005949433,0.03077890251078317,126597.96,23.97268761,0.019926249886305005,153894.51255391585,126597.96,139265.92
91,300,0.09,2.0,25.0,15.0,16,25,60,16,170.0,0.565,1.2,650,2,7.0,18.4,12.5,,3574.004455,,,3.076657188,5.002739767,18.4,18.4,0.1026523660186722,12995.580127137222,0.04734928580179903,126597.9601,21.02355562,0.006642083295435002,236746.42900899512,126597.96,139265.92
92,500,0.09,2.0,25.0,15.0,16,25,60,16,170.0,0.565,1.2,650,2,7.0,14.2,9.652509653,,3086.9264329999996,,,2.851385788,1.946228834,14.2,14.2,0.0792208476883231,10029.197706812422,0.0568616926568946,126597.9597,18.15839078,0.003985249977261001,284308.463284473,126597.96,139265.92
93,900,0.09,2.0,25.0,15.0,16,25,60,16,170.0,0.565,1.2,650,2,7.0,11.5,7.507507508,,3063.6212649999998,,,2.429081837,2.777959413,11.5,11.5,0.06415772876167013,8122.237579460765,0.059813119555689395,126597.9602,18.02130156,0.0022140277651450007,299065.597778447,126597.96,139265.92
94,100,0.09,3.0,25.0,15.0,16,25,60,16,170.0,0.565,1.2,650,2,7.0,25.35,25.51724138,,4425.785957,,,3.385251764,1.9268720680000002,25.35,25.35,0.21213892488369626,26856.355126869184,0.025210061067543237,126597.9599,26.03403504,0.02988937482945751,126050.30533771619,126597.96,139265.92
95,300,0.09,3.0,25.0,15.0,16,25,60,16,170.0,0.565,1.2,650,2,7.0,17.0,17.12962963,,3740.479548,,,3.139420501,4.0703873,17.0,17.0,0.14226278986283378,18010.17898054344,0.03486273517205515,126597.9597,22.00282087,0.009963124943152504,174313.67586027572,126597.96,139265.92
96,500,0.09,3.0,25.0,15.0,16,25,60,16,170.0,0.565,1.2,650,2,7.0,12.4,12.45791246,,3558.060582,,,2.912167428,2.379371849,12.4,12.4,0.10376815260583169,13136.836432866978,0.044335901461238635,126597.9596,20.92976813,0.005977874965891502,221679.50730619318,126597.96,139265.92
97,900,0.09,3.0,25.0,15.0,16,25,60,16,170.0,0.565,1.2,650,2,7.0,9.45,9.511568123,,3214.947998,,,2.488624931,2.6729787,9.45,9.45,0.07908137436492818,10011.540668596204,0.049715124042920146,126597.9598,18.91145881,0.0033210416477175014,248575.62021460073,126597.96,139265.92
98,100,0.09,1.0,25.0,15.0,16,25,60,16,170.0,0.565,1.2,650,2,7.0,41.14,13.48314607,,3264.455828,,,3.3240799869999997,1.2870636,41.14,41.14,0.11475865048935256,14528.211044305037,0.04576034828875944,126597.9603,19.20268134,0.009963124943152503,228801.7414437972,126597.96,139265.92
99,300,0.09,1.0,25.0,15.0,16,25,60,16,170.0,0.565,1.2,650,2,7.0,20.1,6.557377048999999,,2566.732262,,,3.01538013,3.3691691360000005,20.1,20.1,0.05606827600476389,7098.129362920059,0.08496267046785745,126597.9603,15.09842507,0.003321041647717501,424813.3523392873,126597.96,139265.92
100,500,0.09,1.0,25.0,15.0,16,25,60,16,170.0,0.565,1.2,650,2,7.0,16.45,5.3571428569999995,,2377.592395,,,2.7928335310000003,2.1893798540000002,16.45,16.45,0.045886723396933636,5809.165573136069,0.0961526572392838,126597.9605,13.98583762,0.0019926249886305005,480763.28619641904,126597.96,139265.92
101,900,0.09,1.0,25.0,15.0,16,25,60,16,170.0,0.565,1.2,650,2,7.0,12.3,4.013377926,,2804.987689,,,2.363346014,3.4942585569999998,12.3,12.3,0.034310437555154026,4343.631401189888,0.1088189026975258,126597.96,16.49992758,0.0011070138825725003,544094.513487629,126597.96,139265.92
102,100,0.09,1.0,25.0,18.0,16,25,60,0,170.0,0.565,1.2,650,0,0.0,9.5,3.1007751939999997,,2384.871947,,,3.34395651,1.937376098,9.5,9.5,0.026500308227385503,3354.9326615130303,0.19934567083035995,126599.7596,14.02865851,0.009963124943152503,996728.3541517998,126599.76000000001,139265.92
103,300,0.09,1.0,25.0,18.0,16,25,60,0,170.0,0.565,1.2,650,0,0.0,6.5,2.1201413430000002,,2058.8551079999997,,,3.1246301310000004,2.348390802,6.5,6.5,0.01813178983979008,2295.4802420878627,0.2722419538804639,126599.7601,12.110912400000002,0.003321041647717501,1361209.7694023196,126599.76000000001,139265.92
104,500,0.09,1.0,25.0,18.0,16,25,60,0,170.0,0.565,1.2,650,0,0.0,3.0,0.97799511,,1861.172473,,,2.902826661,1.089404792,3.0,3.0,0.008368518387595421,1059.4524194251674,0.5479862252945729,126599.7585,10.94807337,0.0019926249886305005,2739931.1264728643,126599.76000000001,139265.92
105,900,0.09,1.0,25.0,18.0,16,25,60,0,170.0,0.565,1.2,650,0,0.0,2.7,0.880410858,,1861.086832,,,2.492412751,2.7760431569999997,2.7,2.7,0.00753166654883588,953.5071774826507,0.5227884613475496,126599.7632,10.9475696,0.0011070138825725003,2613942.3067377484,126599.76000000001,139265.92
106,100,0.09,1.0,25.0,15.0,16,25,60,16,66.0,0.565,1.2,570,2,7.0,47.05,17.94871795,,994.9874055,,,3.0210721069999997,1.664133235,47.05,47.05,0.14966466360440703,18947.241096404177,0.03188930875612642,126597.9596,15.07556675,0.011361458268507239,159446.54378063208,126597.96,139265.92
107,300,0.09,1.0,25.0,15.0,16,25,60,16,66.0,0.565,1.2,570,2,7.0,27.8,10.60606061,,1453.828715,,,2.72124024,0.7739683190000001,27.8,27.8,0.08843098083320969,11195.181774283446,0.04861448960571566,126597.9597,22.02770781,0.00378715275616908,243072.4480285783,126597.96,139265.92
108,500,0.09,1.0,25.0,15.0,16,25,60,16,66.0,0.565,1.2,570,2,7.0,25.8,9.79020979,,1517.002519,,,2.506868045,1.285075328,25.8,25.8,0.08206903976607231,10389.773013543632,0.048256454529510155,126597.9598,22.98488665,0.002272291653701448,241282.27264755077,126597.96,139265.92
109,900,0.09,1.0,25.0,15.0,16,25,60,16,66.0,0.565,1.2,570,2,7.0,14.8,5.62248996,,1191.15869,,,2.0434443669999998,1.459657957,14.8,14.8,0.047078363896816675,5960.024829474642,0.06857167295325255,126597.9597,18.04785894,0.0012623842520563602,342858.36476626276,126597.96,139265.92
110,100,0.09,1.0,25.0,18.0,16,25,60,0,66.0,0.565,1.2,570,0,0.0,16.55,6.306306306000001,,1061.4861460000002,,,3.0465964,1.61,16.55,16.55,0.05264581085061856,6664.947018693706,0.09142147391284489,126599.7593,16.08312343,0.011361458268507239,457107.36956422444,126599.76000000001,139265.92
111,300,0.09,1.0,25.0,18.0,16,25,60,0,66.0,0.565,1.2,570,0,0.0,5.45,2.074074074,,925.1637278,,,2.787141132,1.735400917,5.45,5.45,0.017336535899448408,2194.801284101553,0.25397662669410387,126599.7621,14.01763224,0.00378715275616908,1269883.1334705194,126599.76000000001,139265.92
112,500,0.09,1.0,25.0,18.0,16,25,60,0,66.0,0.565,1.2,570,0,0.0,3.65,1.388888889,,732.3173801,,,2.573759773,1.337809784,3.65,3.65,0.011610707528988384,1469.9127866001227,0.35019217418375576,126599.7628,11.09571788,0.002272291653701448,1750960.8709187787,126599.76000000001,139265.92
113,900,0.09,1.0,25.0,18.0,16,25,60,0,66.0,0.565,1.2,570,0,0.0,2.65,1.0079193659999999,,662.4937031000001,,,2.159877936,1.4228562980000001,2.65,2.65,0.008429691767621704,1067.1969546548835,0.40477588069926124,126599.7569,10.03778338,0.0012623842520563602,2023879.4034963062,126599.76000000001,139265.92
114,775,0.098901099,17.5,32.5,20.0,25,25,60,4,40.0,0.28,1.2,650,1,0.0,34.72222222,,1.5,613.5875,,,1.5,1.5,34.72222222,34.72222222,0.46717313368001706,214573.61971441348,0.0013981215416847825,459302.1395,15.3396875,0.00589755289538206,6990.607708423912,459302.1392822266,505271.9116210938
115,600,0.098901099,25.0,25.0,20.5,25,25,90,2,40.0,0.28,1.2,650,1,0.0,13.88888889,,2.2,503.0,,,2.2,2.2,13.88888889,13.88888889,0.2669562981452619,122613.70066872875,0.003588505995661683,459302.5203,12.575,0.010882389271240705,17942.529978308416,459302.5207519532,505271.9116210938
116,950,0.098901099,25.0,40.0,20.5,25,25,30,2,40.0,0.28,1.2,650,1,0.0,3.472222222,,2.1,547.65,,,2.1,2.1,3.472222222,3.472222222,0.06673907452670504,30653.42516276809,0.013701568349044907,459302.5237,13.69125,0.006873087960783602,68507.84174522453,459302.5207519532,505271.9116210938
117,600,0.098901099,10.0,40.0,18.0,25,25,30,12,40.0,0.28,1.2,650,2,1.0,48.61111111,,4.0,721.475,,,4.0,4.0,48.61111111,48.61111111,0.3737372653372523,171657.75522107948,0.004660436104210224,459300.61299999995,18.036875,0.004352955708496282,23302.180521051123,459300.61340332037,505271.9116210938
118,600,0.098901099,25.0,40.0,18.0,25,25,30,12,40.0,0.28,1.2,650,2,1.0,46.52777778,,7.3,768.8,,,7.3,7.3,46.52777778,46.52777778,0.8942998849772933,410752.48573658965,0.003554452013557088,459300.6133,19.22,0.010882389271240705,17772.26006778544,459300.61340332037,505271.9116210938
119,950,0.098901099,25.0,25.0,20.5,25,25,30,2,40.0,0.28,1.2,650,1,0.0,22.91666667,,2.4,594.2,,,2.4,2.4,22.91666667,22.91666667,0.4404778919685134,202312.60611664472,0.002372565947389619,459302.5211,14.855,0.006873087960783602,11862.829736948095,459302.5207519532,505271.9116210938
120,600,0.098901099,25.0,25.0,18.0,25,25,60,12,40.0,0.28,1.2,650,2,1.0,39.58333333,,5.6,520.3,,,5.6,5.6,39.58333333,39.58333333,0.7608222901041558,349446.1445357577,0.0032050718473026216,459300.6133,13.0075,0.010882389271240705,16025.359236513108,459300.61340332037,505271.9116210938
121,950,0.098901099,25.0,25.0,18.0,25,25,30,12,40.0,0.28,1.2,650,2,1.0,74.30555556,,6.6,702.425,,,6.6,6.6,74.30555556,74.30555556,1.4282102640854273,655977.8503633549,0.002012263065389836,459300.6135,17.560625,0.006873087960783602,10061.315326949181,459300.61340332037,505271.9116210938
122,600,0.098901099,25.0,40.0,20.5,25,25,90,2,40.0,0.28,1.2,650,1,0.0,4.8611111110000005,,1.9,522.4625,,,1.9,1.9,4.8611111110000005,4.8611111110000005,0.09343470434123125,42914.79522964097,0.008854755055140901,459302.5227,13.0615625,0.010882389271240705,44273.7752757045,459302.5207519532,505271.9116210938
123,600,0.098901099,10.0,25.0,20.5,25,25,30,2,40.0,0.28,1.2,650,1,0.0,8.333333332999999,,1.3,502.7875,,,1.3,1.3,8.333333332999999,8.333333332999999,0.06406951154717451,29427.288156963623,0.00883533673280302,459302.5177,12.5696875,0.004352955708496282,44176.6836640151,459302.5207519532,505271.9116210938
124,950,0.098901099,10.0,25.0,20.5,25,25,90,2,40.0,0.28,1.2,650,1,0.0,6.25,,0.9,440.3125,,,0.9,0.9,6.25,6.25,0.048052133662302966,22070.466118605535,0.008155695445338099,459302.5222,11.0078125,0.0027492351843134413,40778.4772266905,459302.5207519532,505271.9116210938
125,950,0.098901099,25.0,40.0,19.5,25,25,90,6,40.0,0.28,1.2,650,1,0.0,34.72222222,,4.9,867.7625,,,4.9,4.9,34.72222222,34.72222222,0.6673896366758557,306533.2332710663,0.003197043235874492,459301.7582,21.6940625,0.006873087960783602,15985.216179372459,459301.75781250006,505271.9116210938
126,950,0.098901099,10.0,25.0,18.0,25,25,30,12,40.0,0.28,1.2,650,2,1.0,46.52777778,,4.5,681.675,,,4.5,4.5,46.52777778,46.52777778,0.3577199539909174,164300.9942946359,0.005477751390755785,459300.6137,17.041875,0.0027492351843134413,27388.756953778924,459300.61340332037,505271.9116210938
127,775,0.098901099,17.5,32.5,20.0,25,25,60,4,40.0,0.28,1.2,650,1,0.0,29.86111111,,1.7,591.2875,,,1.7,1.7,29.86111111,29.86111111,0.4017688949755784,184533.31295933938,0.001842485752558491,459302.1393,14.7821875,0.00589755289538206,9212.428762792455,459302.1392822266,505271.9116210938
128,775,0.098901099,17.5,32.5,20.0,25,25,60,4,40.0,0.28,1.2,650,1,0.0,38.19444444,,1.4,555.025,,,1.4,1.4,38.19444444,38.19444444,0.5138904470211096,236030.9816734954,0.0011862849445219334,459302.1392,13.875625,0.00589755289538206,5931.424722609668,459302.1392822266,505271.9116210938
129,950,0.098901099,10.0,40.0,20.5,25,25,30,2,40.0,0.28,1.2,650,1,0.0,27.77777778,,1.3,588.9875,,,1.3,1.3,27.77777778,27.77777778,0.21356503851620953,98090.96053498301,0.0026506010195228337,459302.5205,14.7246875,0.0027492351843134413,13253.005097614168,459302.5207519532,505271.9116210938
130,600,0.098901099,10.0,40.0,19.5,25,25,90,6,40.0,0.28,1.2,650,1,0.0,41.66666667,,4.4,653.525,,,4.4,4.4,41.66666667,41.66666667,0.3203470256505407,147135.95199129937,0.0059808631955026005,459301.7574,16.338125,0.004352955708496282,29904.315977513004,459301.75781250006,505271.9116210938
131,950,0.098901099,10.0,40.0,18.0,25,25,60,12,40.0,0.28,1.2,650,2,1.0,53.47222222,,2.8,639.375,,,2.8,2.8,53.47222222,53.47222222,0.4111109918632892,188823.53073965618,0.0029657320663710606,459300.6136,15.984375,0.0027492351843134413,14828.660331855303,459300.61340332037,505271.9116210938
